{
  "test_summary": {
    "passed": 3,
    "total": 4,
    "success_rate": 75.0,
    "execution_time": 0.0610964298248291
  },
  "test_results": {
    "enhanced_qaoa": {
      "passed": true,
      "result": {
        "algorithm": "enhanced_qaoa",
        "circuit_type": "dense_optimized",
        "mixing_strategy": "xy_mixing",
        "multi_objective": true,
        "best_cost": -0.1754071661237785,
        "best_solution": [
          0,
          1,
          0,
          1
        ],
        "cost_components": {
          "cut_ratio": -0.8,
          "modularity": 0.0,
          "balance": 1.0,
          "connectivity": 0.2
        },
        "convergence_data": {
          "iterations": [
            0,
            1,
            2,
            3,
            4,
            5,
            6,
            7,
            8,
            9,
            10,
            11,
            12,
            13,
            14,
            15,
            16,
            17,
            18,
            19,
            20,
            21,
            22,
            23,
            24,
            25,
            26,
            27,
            28,
            29,
            30,
            31,
            32,
            33,
            34,
            35,
            36,
            37,
            38,
            39,
            40,
            41,
            42,
            43,
            44,
            45,
            46,
            47,
            48,
            49
          ],
          "costs": [
            0.2125,
            0.09115308151093438,
            0.20879446640316207,
            0.20083497053045185,
            0.06523437500000001,
            0.052305825242718464,
            0.277992277992278,
            0.1699136276391555,
            0.16240458015267176,
            0.025592979127134756,
            0.14764150943396226,
            0.008161350844277639,
            0.13917910447761192,
            0.2541743970315399,
            0.25092250922509224,
            -0.012270642201834879,
            -0.01833941605839417,
            -0.024342105263157873,
            -0.04458483754512634,
            0.08514362657091562,
            -0.0419642857142857,
            -0.04771314387211363,
            -0.07296819787985867,
            -0.05902899824253073,
            0.05297202797202802,
            -0.0701086956521739,
            0.04057093425605538,
            0.06030550774526676,
            -0.08630136986301372,
            0.20613287904599661,
            0.20338983050847456,
            -0.10200252951096123,
            0.03666107382550332,
            0.03207429048414022,
            0.027533222591362084,
            -0.12221074380165288,
            -0.1634868421052632,
            -0.1320171849427169,
            -0.1754071661237785,
            -0.14163290113452184,
            0.1774193548387097,
            -0.0030296950240770136,
            -0.050079872204472776,
            -0.011387122416534168,
            -0.015506329113924026,
            0.1653543307086614,
            -0.07061128526645764,
            -0.027632605304212174,
            -0.03159937888198757,
            -0.03552936630602785
          ],
          "gradients": [
            0.0,
            0.0,
            0.0,
            0.0,
            0.0,
            0.0,
            0.0,
            0.0,
            0.0,
            0.0,
            0.0,
            0.0,
            0.0,
            0.0,
            0.0,
            0.0,
            0.0,
            0.0,
            0.0,
            0.0,
            2500000.0,
            2500000.0,
            2500000.0,
            2500000.0,
            2500000.0,
            2500000.0,
            2500000.0,
            2500000.0,
            2500000.0,
            2500000.0,
            2500000.0,
            2500000.0,
            2500000.0,
            2500000.0,
            2500000.0,
            2500000.0,
            2500000.0,
            2500000.0,
            2500000.0,
            2500000.0,
            4000000.0,
            4000000.0,
            4000000.0,
            4000000.0,
            4000000.0,
            4000000.0,
            4000000.0,
            4000000.0,
            4000000.0,
            4000000.0
          ],
          "learning_rates": [
            0.1,
            0.1,
            0.1,
            0.1,
            0.1,
            0.1,
            0.1,
            0.1,
            0.1,
            0.1,
            0.1,
            0.1,
            0.1,
            0.1,
            0.1,
            0.1,
            0.1,
            0.1,
            0.1,
            0.1,
            0.09000000000000001,
            0.09000000000000001,
            0.09000000000000001,
            0.09000000000000001,
            0.09000000000000001,
            0.09000000000000001,
            0.09000000000000001,
            0.09000000000000001,
            0.09000000000000001,
            0.09000000000000001,
            0.09000000000000001,
            0.09000000000000001,
            0.09000000000000001,
            0.09000000000000001,
            0.09000000000000001,
            0.09000000000000001,
            0.09000000000000001,
            0.09000000000000001,
            0.09000000000000001,
            0.09000000000000001,
            0.08100000000000002,
            0.08100000000000002,
            0.08100000000000002,
            0.08100000000000002,
            0.08100000000000002,
            0.08100000000000002,
            0.08100000000000002,
            0.08100000000000002,
            0.08100000000000002,
            0.08100000000000002
          ]
        },
        "final_parameters": {
          "beta": [
            2247272.4177344656,
            5932163.138537527,
            -7663670.908998862
          ],
          "gamma": [
            677537.0684163048,
            7480524.515580872,
            786595.136851171
          ]
        },
        "optimization_metrics": {
          "final_learning_rate": 0.08100000000000002,
          "total_iterations": 50,
          "early_stopped": false,
          "gradient_magnitude": 4000000.0
        },
        "execution_time": 0.0031931400299072266,
        "photonic_implementation": {
          "required_modes": 8,
          "squeezing_operations": 12,
          "interference_operations": 15,
          "measurement_bases": 16,
          "estimated_fidelity": 0.9199999999999999
        }
      }
    },
    "vqe_plus": {
      "passed": false,
      "result": {
        "error": "VQE+ execution failed: 'MockNumPy' object has no attribute 'exp'"
      }
    },
    "performance_monitoring": {
      "passed": true,
      "result": {
        "quantum_algorithms": {
          "enhanced_qaoa": {
            "executions": 1,
            "avg_execution_time": 0.045,
            "performance_score": 1.0
          },
          "vqe_plus": {
            "executions": 1,
            "avg_execution_time": 0.078,
            "performance_score": 0.8228104206762347
          }
        },
        "performance_trends": {},
        "resource_efficiency": {
          "avg_required_modes": 5.5,
          "avg_circuit_depth": 7.0,
          "efficiency_score": 0.2882448433919022
        },
        "optimization_insights": {}
      }
    },
    "algorithm_registry": {
      "passed": true,
      "result": {
        "registry_size": 11,
        "algorithms": [
          "quantum_approximate_optimization",
          "variational_quantum_eigensolver_plus",
          "quantum_neural_network_compiler",
          "adaptive_quantum_state_preparation",
          "error_corrected_optimization",
          "multi_scale_quantum_dynamics",
          "adaptive_state_injection_cv_qaoa",
          "coherence_enhanced_vqe",
          "quantum_natural_gradient_optimization",
          "photonic_quantum_kernel_ml",
          "time_domain_multiplexed_compilation"
        ]
      }
    }
  },
  "timestamp": "2025-08-23 18:35:11",