{
  "test_summary": {
    "passed": 4,
    "total": 4,
    "success_rate": 100.0,
    "execution_time": 0.08097672462463379
  },
  "test_results": {
    "enhanced_qaoa": {
      "passed": true,
      "result": {
        "algorithm": "enhanced_qaoa",
        "circuit_type": "dense_optimized",
        "mixing_strategy": "xy_mixing",
        "multi_objective": true,
        "best_cost": -0.23701700154559507,
        "best_solution": [
          0,
          1,
          0,
          1
        ],
        "cost_components": {
          "cut_ratio": -0.8,
          "modularity": 0.0,
          "balance": 1.0,
          "connectivity": 0.2
        },
        "convergence_data": {
          "iterations": [
            0,
            1,
            2,
            3,
            4,
            5,
            6,
            7,
            8,
            9,
            10,
            11,
            12,
            13,
            14,
            15,
            16,
            17,
            18,
            19,
            20,
            21,
            22,
            23,
            24,
            25,
            26,
            27,
            28,
            29,
            30,
            31,
            32,
            33,
            34,
            35,
            36,
            37,
            38,
            39,
            40,
            41,
            42,
            43,
            44,
            45,
            46,
            47,
            48,
            49
          ],
          "costs": [
            0.2125,
            0.08029324055666004,
            0.2924901185770751,
            0.06613457760314342,
            0.1869140625,
            0.05679611650485436,
            0.17456563706563702,
            0.1699136276391555,
            0.16240458015267176,
            0.15657020872865277,
            0.15070754716981127,
            0.012687617260788013,
            0.13917910447761192,
            0.13351113172541745,
            0.11909594095940959,
            0.12236238532110089,
            -0.02992700729927012,
            0.09850272232304902,
            0.10609205776173283,
            -0.03615350089766606,
            0.07857142857142858,
            0.072069271758437,
            0.06563604240282689,
            0.08011862917398947,
            0.05297202797202802,
            0.046739130434782644,
            -0.07556228373702421,
            -0.10679862306368335,
            0.028424657534246563,
            0.05070272572402042,
            0.01652542372881354,
            0.04129426644182125,
            0.03666107382550332,
            0.1953255425709516,
            0.027533222591362084,
            -0.1574380165289256,
            0.018585526315789434,
            0.014177577741407509,
            -0.13684853420195436,
            0.17990275526742303,
            -0.1870967741935484,
            -0.0030296950240770136,
            -0.007228434504792304,
            -0.05528616852146259,
            -0.20981012658227843,
            0.1653543307086614,
            0.16300940438871472,
            0.1606864274570983,
            0.15838509316770186,
            -0.23701700154559507
          ],
          "gradients": [
            0.0,
            0.0,
            0.0,
            0.0,
            0.0,
            0.0,
            0.0,
            0.0,
            0.0,
            0.0,
            0.0,
            0.0,
            0.0,
            0.0,
            0.0,
            0.0,
            0.0,
            0.0,
            0.0,
            0.0,
            5000000.0,
            5000000.0,
            5000000.0,
            5000000.0,
            5000000.0,
            5000000.0,
            5000000.0,
            5000000.0,
            5000000.0,
            5000000.0,
            5000000.0,
            5000000.0,
            5000000.0,
            5000000.0,
            5000000.0,
            5000000.0,
            5000000.0,
            5000000.0,
            5000000.0,
            5000000.0,
            3500000.0,
            3500000.0,
            3500000.0,
            3500000.0,
            3500000.0,
            3500000.0,
            3500000.0,
            3500000.0,
            3500000.0,
            3500000.0
          ],
          "learning_rates": [
            0.1,
            0.1,
            0.1,
            0.1,
            0.1,
            0.1,
            0.1,
            0.1,
            0.1,
            0.1,
            0.1,
            0.1,
            0.1,
            0.1,
            0.1,
            0.1,
            0.1,
            0.1,
            0.1,
            0.1,
            0.09000000000000001,
            0.09000000000000001,
            0.09000000000000001,
            0.09000000000000001,
            0.09000000000000001,
            0.09000000000000001,
            0.09000000000000001,
            0.09000000000000001,
            0.09000000000000001,
            0.09000000000000001,
            0.09000000000000001,
            0.09000000000000001,
            0.09000000000000001,
            0.09000000000000001,
            0.09000000000000001,
            0.09000000000000001,
            0.09000000000000001,
            0.09000000000000001,
            0.09000000000000001,
            0.09000000000000001,
            0.08100000000000002,
            0.08100000000000002,
            0.08100000000000002,
            0.08100000000000002,
            0.08100000000000002,
            0.08100000000000002,
            0.08100000000000002,
            0.08100000000000002,
            0.08100000000000002,
            0.08100000000000002
          ]
        },
        "final_parameters": {
          "beta": [
            -5041854.188211865,
            -7482827.683124885,
            3425979.8639816176
          ],
          "gamma": [
            -7207253.208301106,
            492787.9288200756,
            -4893771.307704535
          ]
        },
        "optimization_metrics": {
          "final_learning_rate": 0.08100000000000002,
          "total_iterations": 50,
          "early_stopped": false,
          "gradient_magnitude": 3500000.0
        },
        "execution_time": 0.0032427310943603516,
        "photonic_implementation": {
          "required_modes": 8,
          "squeezing_operations": 12,
          "interference_operations": 15,
          "measurement_bases": 16,
          "estimated_fidelity": 0.9199999999999999
        }
      }
    },
    "vqe_plus": {
      "passed": true,
      "result": {
        "algorithm": "vqe_plus",
        "best_energy": 1.330176974613086,
        "best_parameters": [
          0.32843644725655935,
          -0.3307318110614707,
          0.1394842415163469,
          0.27830591101366065,
          -0.0652799582913949,
          0.35804831815344285,
          -0.3518986134098871,
          -0.3375891334785562,
          -0.2325907160786295,
          -0.366415488024611,
          -0.32640772257152834,
          -0.09844531524021363,
          -0.1863482788058749,
          -0.15002683494598446,
          -0.31531755979109183,
          -0.2044453015142169
        ],
        "ansatz_structure": {
          "type": "adaptive",
          "num_qubits": 3,
          "depth": 4,
          "layers": [
            {
              "single_qubit_rotations": 3,
              "entangling_gates": 1,
              "parameter_count": 4
            },
            {
              "single_qubit_rotations": 3,
              "entangling_gates": 1,
              "parameter_count": 4
            },
            {
              "single_qubit_rotations": 3,
              "entangling_gates": 1,
              "parameter_count": 4
            },
            {
              "single_qubit_rotations": 3,
              "entangling_gates": 1,
              "parameter_count": 4
            }
          ],
          "parameter_count": 16,
          "gate_count": 16
        },